"gene_id","organ","event","time"
"lnc_RNA:Solyc04r022210.1","Shoot","A3SS","25, 60, 70"
"lnc_RNA:Solyc05r027730.1","Shoot","A3SS","10"
"Solyc01g005550.3","Shoot","A3SS","50, 60, 70, 80, 90, 105"
"Solyc01g005820.4","Shoot","A3SS","50, 60, 70, 90, 105"
"Solyc01g067270.4","Shoot","A3SS","60"
"Solyc01g068560.3","Shoot","A3SS","5"
"Solyc01g080280.3","Shoot","A3SS","40"
"Solyc01g086890.3","Shoot","A3SS","40"
"Solyc01g087260.4","Shoot","A3SS","80"
"Solyc01g091260.3","Shoot","A3SS","60, 70, 80, 90, 105"
"Solyc01g094210.2","Shoot","A3SS","80"
"Solyc01g095460.3","Shoot","A3SS","80, 90, 105"
"Solyc01g097500.4","Shoot","A3SS","60"
"Solyc01g098500.3","Shoot","A3SS","70"
"Solyc01g102950.3","Shoot","A3SS","60"
"Solyc01g103170.4","Shoot","A3SS","105"
"Solyc01g104370.4","Shoot","A3SS","90"
"Solyc01g105120.4","Shoot","A3SS","105"
"Solyc01g106430.3","Shoot","A3SS","90"
"Solyc02g005180.3","Shoot","A3SS","90"
"Solyc02g030130.4","Shoot","A3SS","40"
"Solyc02g066940.4","Shoot","A3SS","70, 105"
"Solyc02g069650.3","Shoot","A3SS","25"
"Solyc02g069860.4","Shoot","A3SS","15"
"Solyc02g078400.3","Shoot","A3SS","80, 90, 105"
"Solyc02g080780.3","Shoot","A3SS","80, 90, 105"
"Solyc02g082030.3","Shoot","A3SS","15"
"Solyc02g083810.4","Shoot","A3SS","105"
"Solyc02g085290.3","Shoot","A3SS","30, 40, 50, 60, 70, 80, 90, 105"
"Solyc02g085420.4","Shoot","A3SS","50"
"Solyc02g085570.4","Shoot","A3SS","70"
"Solyc02g085760.2","Shoot","A3SS","20"
"Solyc02g085950.4","Shoot","A3SS","30"
"Solyc02g086970.4","Shoot","A3SS","70"
"Solyc02g088350.4","Shoot","A3SS","90, 105"
"Solyc02g090130.4","Shoot","A3SS","80"
"Solyc02g091030.4","Shoot","A3SS","70, 105"
"Solyc02g091730.3","Shoot","A3SS","90"
"Solyc02g092700.3","Shoot","A3SS","30, 90"
"Solyc02g094150.4","Shoot","A3SS","105"
"Solyc03g005090.4","Shoot","A3SS","30"
"Solyc03g033450.4","Shoot","A3SS","70, 80, 90, 105"
"Solyc03g033560.3","Shoot","A3SS","30"
"Solyc03g034100.4","Shoot","A3SS","90"
"Solyc03g034220.3","Shoot","A3SS","40"
"Solyc03g044080.4","Shoot","A3SS","80"
"Solyc03g078000.3","Shoot","A3SS","5"
"Solyc03g093830.3","Shoot","A3SS","90"
"Solyc03g096850.4","Shoot","A3SS","90, 105"
"Solyc03g098620.3","Shoot","A3SS","15"
"Solyc03g110940.3","Shoot","A3SS","60, 70"
"Solyc03g111700.3","Shoot","A3SS","80"
"Solyc03g112910.3","Shoot","A3SS","90"
"Solyc03g113920.4","Shoot","A3SS","90"
"Solyc03g113970.4","Shoot","A3SS","90"
"Solyc03g114930.3","Shoot","A3SS","70, 80, 90, 105"
"Solyc04g009020.4","Shoot","A3SS","70, 80"
"Solyc04g009050.4","Shoot","A3SS","25, 60"
"Solyc04g025990.3","Shoot","A3SS","60, 105"
"Solyc04g051310.4","Shoot","A3SS","70, 80"
"Solyc04g051800.3","Shoot","A3SS","10"
"Solyc04g056340.4","Shoot","A3SS","30, 40, 50, 60, 90, 105"
"Solyc04g071340.5","Shoot","A3SS","20, 70, 80"
"Solyc04g072450.3","Shoot","A3SS","70"
"Solyc04g078090.3","Shoot","A3SS","15"
"Solyc04g080280.3","Shoot","A3SS","60, 70, 80, 90, 105"
"Solyc04g080900.3","Shoot","A3SS","105"
"Solyc05g005180.3","Shoot","A3SS","105"
"Solyc05g007880.4","Shoot","A3SS","25, 70"
"Solyc05g008060.4","Shoot","A3SS","70, 80, 90, 105"
"Solyc05g010180.4","Shoot","A3SS","15, 70, 105"
"Solyc05g016410.3","Shoot","A3SS","40, 50"
"Solyc05g052600.4","Shoot","A3SS","105"
"Solyc05g052630.4","Shoot","A3SS","50, 60"
"Solyc05g052950.4","Shoot","A3SS","60, 70, 80, 90, 105"
"Solyc05g053930.4","Shoot","A3SS","105"
"Solyc05g055430.4","Shoot","A3SS","105"
"Solyc05g150106.1","Shoot","A3SS","30"
"Solyc06g005160.4","Shoot","A3SS","90"
"Solyc06g005710.3","Shoot","A3SS","30"
"Solyc06g008960.3","Shoot","A3SS","70"
"Solyc06g009340.4","Shoot","A3SS","40, 50, 60, 70, 80, 90, 105"
"Solyc06g011530.3","Shoot","A3SS","90, 105"
"Solyc06g019200.4","Shoot","A3SS","105"
"Solyc06g036260.3","Shoot","A3SS","15"
"Solyc06g050230.4","Shoot","A3SS","105"
"Solyc06g050900.3","Shoot","A3SS","90, 105"
"Solyc06g051400.3","Shoot","A3SS","105"
"Solyc06g066640.3","Shoot","A3SS","20, 80"
"Solyc06g069090.3","Shoot","A3SS","90, 105"
"Solyc06g075080.4","Shoot","A3SS","90"
"Solyc06g075520.3","Shoot","A3SS","15, 20"
"Solyc06g076050.4","Shoot","A3SS","105"
"Solyc06g076400.3","Shoot","A3SS","90"
"Solyc06g150131.1","Shoot","A3SS","50"
"Solyc07g005510.3","Shoot","A3SS","50"
"Solyc07g008260.3","Shoot","A3SS","50"
"Solyc07g021700.3","Shoot","A3SS","70, 80, 90"
"Solyc07g022900.4","Shoot","A3SS","90, 105"
"Solyc07g043620.3","Shoot","A3SS","20"
"Solyc07g049720.4","Shoot","A3SS","80, 90, 105"
"Solyc07g052340.4","Shoot","A3SS","50"
"Solyc07g056540.3","Shoot","A3SS","80, 90, 105"
"Solyc07g063430.3","Shoot","A3SS","105"
"Solyc07g066610.3","Shoot","A3SS","5, 10"
"Solyc08g048240.4","Shoot","A3SS","80"
"Solyc08g069140.4","Shoot","A3SS","80"
"Solyc08g075680.4","Shoot","A3SS","105"
"Solyc08g079590.3","Shoot","A3SS","105"
"Solyc08g080830.3","Shoot","A3SS","105"
"Solyc08g082880.4","Shoot","A3SS","90, 105"
"Solyc08g083250.4","Shoot","A3SS","15, 20, 25, 30, 40, 50, 80, 90, 105"
"Solyc09g005260.4","Shoot","A3SS","105"
"Solyc09g010460.3","Shoot","A3SS","20"
"Solyc09g031750.4","Shoot","A3SS","40"
"Solyc09g059510.3","Shoot","A3SS","80, 90, 105"
"Solyc09g065180.3","Shoot","A3SS","50, 60, 70, 80, 90"
"Solyc09g074670.4","Shoot","A3SS","80"
"Solyc09g092120.4","Shoot","A3SS","105"
"Solyc10g006230.3","Shoot","A3SS","80"
"Solyc10g006250.3","Shoot","A3SS","10"
"Solyc10g007050.3","Shoot","A3SS","90"
"Solyc10g047270.2","Shoot","A3SS","90"
"Solyc10g055720.2","Shoot","A3SS","105"
"Solyc10g083350.2","Shoot","A3SS","105"
"Solyc10g083360.2","Shoot","A3SS","70, 80"
"Solyc10g083520.2","Shoot","A3SS","70, 80"
"Solyc10g084810.3","Shoot","A3SS","30, 40"
"Solyc11g006460.3","Shoot","A3SS","50"
"Solyc11g010560.3","Shoot","A3SS","40"
"Solyc11g032120.2","Shoot","A3SS","70"
"Solyc11g065320.2","Shoot","A3SS","90"
"Solyc11g070100.2","Shoot","A3SS","70, 80"
"Solyc11g072030.3","Shoot","A3SS","70"
"Solyc11g073130.2","Shoot","A3SS","30, 40, 50, 60, 70, 80, 90, 105"
"Solyc12g006470.2","Shoot","A3SS","60, 70"
"Solyc12g008750.3","Shoot","A3SS","70, 105"
"Solyc12g008770.2","Shoot","A3SS","15"
"Solyc12g010050.2","Shoot","A3SS","70"
"Solyc12g010060.2","Shoot","A3SS","105"
"Solyc12g010230.2","Shoot","A3SS","90, 105"
"Solyc12g019010.2","Shoot","A3SS","105"
"Solyc12g040810.2","Shoot","A3SS","90"
"Solyc12g094720.3","Shoot","A3SS","90"
"Solyc12g095770.2","Shoot","A3SS","90, 105"
"Solyc12g098910.2","Shoot","A3SS","105"
"Solyc01g009670.4","Shoot","A5SS","80"
"Solyc01g010290.4","Shoot","A5SS","10, 10"
"Solyc01g058260.4","Shoot","A5SS","25, 30, 40, 50, 60, 70, 80, 90, 105"
"Solyc01g079410.3","Shoot","A5SS","50"
"Solyc01g079680.3","Shoot","A5SS","105"
"Solyc01g080280.3","Shoot","A5SS","105"
"Solyc01g088100.4","Shoot","A5SS","70, 80, 90, 105"
"Solyc01g091780.4","Shoot","A5SS","80, 90"
"Solyc01g094840.3","Shoot","A5SS","30"
"Solyc01g095430.3","Shoot","A5SS","5, 60"
"Solyc01g095460.3","Shoot","A5SS","90, 105"
"Solyc01g096890.4","Shoot","A5SS","105"
"Solyc01g097340.3","Shoot","A5SS","5, 70, 80, 90, 105"
"Solyc01g111870.3","Shoot","A5SS","90"
"Solyc02g005180.3","Shoot","A5SS","50, 60, 90, 105"
"Solyc02g067180.3","Shoot","A5SS","105"
"Solyc02g069100.4","Shoot","A5SS","30"
"Solyc02g071270.3","Shoot","A5SS","105"
"Solyc02g081340.3","Shoot","A5SS","80, 90, 105"
"Solyc02g082760.3","Shoot","A5SS","90, 105"
"Solyc02g084440.4","Shoot","A5SS","90, 105"
"Solyc02g085570.4","Shoot","A5SS","50, 90"
"Solyc02g085760.2","Shoot","A5SS","90"
"Solyc02g089980.3","Shoot","A5SS","90"
"Solyc02g094150.4","Shoot","A5SS","60, 70, 80"
"Solyc02g094640.4","Shoot","A5SS","30"
"Solyc03g034080.4","Shoot","A5SS","90"
"Solyc03g081260.4","Shoot","A5SS","70"
"Solyc03g097060.4","Shoot","A5SS","60"
"Solyc03g111610.3","Shoot","A5SS","80"
"Solyc03g111700.3","Shoot","A5SS","80"
"Solyc03g112050.4","Shoot","A5SS","30, 40, 50, 60, 70, 80, 90, 105"
"Solyc03g115950.3","Shoot","A5SS","90, 105"
"Solyc03g119780.4","Shoot","A5SS","25"
"Solyc03g121720.2","Shoot","A5SS","80"
"Solyc04g008630.3","Shoot","A5SS","105"
"Solyc04g045470.4","Shoot","A5SS","70"
"Solyc04g051500.3","Shoot","A5SS","60"
"Solyc04g054320.4","Shoot","A5SS","90, 105"
"Solyc04g072035.1","Shoot","A5SS","80, 90, 105"
"Solyc04g080900.3","Shoot","A5SS","105"
"Solyc04g082420.3","Shoot","A5SS","5"
"Solyc04g082590.3","Shoot","A5SS","105"
"Solyc05g007020.4","Shoot","A5SS","90"
"Solyc05g007880.4","Shoot","A5SS","20, 25, 30, 40"
"Solyc05g007980.3","Shoot","A5SS","105"
"Solyc05g010320.4","Shoot","A5SS","105"
"Solyc05g013380.3","Shoot","A5SS","50, 80, 90, 105"
"Solyc05g013530.4","Shoot","A5SS","60, 70, 80, 90, 105"
"Solyc05g051750.3","Shoot","A5SS","50, 80"
"Solyc05g052630.4","Shoot","A5SS","70, 80, 90, 105"
"Solyc05g054410.4","Shoot","A5SS","60, 70"
"Solyc05g054740.3","Shoot","A5SS","90"
"Solyc06g005160.4","Shoot","A5SS","90"
"Solyc06g005330.3","Shoot","A5SS","105"
"Solyc06g005750.3","Shoot","A5SS","60, 105"
"Solyc06g011530.3","Shoot","A5SS","60, 70, 80, 90"
"Solyc06g051030.3","Shoot","A5SS","90"
"Solyc06g068670.3","Shoot","A5SS","90"
"Solyc06g073260.3","Shoot","A5SS","80"
"Solyc06g076670.3","Shoot","A5SS","90"
"Solyc07g043580.4","Shoot","A5SS","80"
"Solyc07g049720.4","Shoot","A5SS","80"
"Solyc07g053450.4","Shoot","A5SS","70, 80"
"Solyc07g056540.3","Shoot","A5SS","105"
"Solyc07g062710.4","Shoot","A5SS","80, 90"
"Solyc07g065080.4","Shoot","A5SS","5"
"Solyc08g006410.4","Shoot","A5SS","105"
"Solyc08g044260.4","Shoot","A5SS","60"
"Solyc08g065480.3","Shoot","A5SS","50"
"Solyc08g066540.3","Shoot","A5SS","80, 90"
"Solyc08g075120.3","Shoot","A5SS","80, 90, 105"
"Solyc08g075710.3","Shoot","A5SS","70"
"Solyc08g076220.3","Shoot","A5SS","90, 105"
"Solyc08g076720.4","Shoot","A5SS","90, 105"
"Solyc08g082880.4","Shoot","A5SS","90, 105"
"Solyc08g083250.4","Shoot","A5SS","25"
"Solyc09g005480.3","Shoot","A5SS","50, 90, 105"
"Solyc09g060100.3","Shoot","A5SS","80, 90, 105"
"Solyc09g063030.4","Shoot","A5SS","105"
"Solyc09g064590.4","Shoot","A5SS","105"
"Solyc09g065180.3","Shoot","A5SS","50, 60, 70, 80, 90, 105"
"Solyc09g074050.3","Shoot","A5SS","90, 105"
"Solyc10g005080.3","Shoot","A5SS","50, 60, 70, 80, 90, 105"
"Solyc10g008480.3","Shoot","A5SS","90, 105"
"Solyc10g044470.3","Shoot","A5SS","90, 105"
"Solyc10g077110.1","Shoot","A5SS","90, 105"
"Solyc10g078180.3","Shoot","A5SS","90"
"Solyc10g081560.3","Shoot","A5SS","80"
"Solyc10g086580.2","Shoot","A5SS","25, 70, 80, 90"
"Solyc11g010870.2","Shoot","A5SS","80"
"Solyc11g040050.3","Shoot","A5SS","25"
"Solyc11g044250.3","Shoot","A5SS","90"
"Solyc11g044330.3","Shoot","A5SS","105"
"Solyc11g073130.2","Shoot","A5SS","20, 25, 30, 40, 50, 60, 70, 80, 90, 105"
"Solyc12g010110.3","Shoot","A5SS","90"
"Solyc12g017420.2","Shoot","A5SS","40, 90, 105"
"Solyc12g019740.2","Shoot","A5SS","60, 70, 80, 90"
"Solyc12g035130.2","Shoot","A5SS","60"
"Solyc12g036170.2","Shoot","A5SS","90, 105"
"Solyc12g036790.2","Shoot","A5SS","70, 80"
"lnc_RNA:Solyc04r022210.1","Shoot","MXE","25, 30, 30, 50, 60, 70, 80, 90, 105"
"Solyc01g058260.4","Shoot","MXE","105, 105, 105, 105"
"Solyc01g067120.4","Shoot","MXE","90, 105"
"Solyc01g079680.3","Shoot","MXE","105, 105, 105, 105"
"Solyc01g080280.3","Shoot","MXE","105, 105, 105, 105"
"Solyc01g088100.4","Shoot","MXE","105, 105, 105, 105"
"Solyc01g091360.4","Shoot","MXE","80, 90"
"Solyc01g094210.2","Shoot","MXE","60, 70, 80, 90, 105"
"Solyc01g095430.3","Shoot","MXE","70, 80, 90, 105"
"Solyc01g095460.3","Shoot","MXE","105, 105, 105, 105"
"Solyc01g096890.4","Shoot","MXE","105, 105, 105, 105"
"Solyc01g097340.3","Shoot","MXE","105, 105, 105, 105"
"Solyc01g105120.4","Shoot","MXE","70, 105"
"Solyc02g005180.3","Shoot","MXE","105, 105, 105, 105, 90, 105"
"Solyc02g067180.3","Shoot","MXE","105, 105, 105, 105"
"Solyc02g071270.3","Shoot","MXE","105, 105, 105, 105"
"Solyc02g081340.3","Shoot","MXE","105, 105, 105, 105"
"Solyc02g082760.3","Shoot","MXE","105, 105, 105, 105"
"Solyc02g084440.4","Shoot","MXE","105, 105, 105, 105"
"Solyc02g087750.3","Shoot","MXE","80"
"Solyc02g094120.3","Shoot","MXE","80, 90"
"Solyc03g034170.4","Shoot","MXE","80"
"Solyc03g062665.1","Shoot","MXE","60"
"Solyc03g078020.4","Shoot","MXE","90"
"Solyc03g097460.3","Shoot","MXE","105"
"Solyc03g112050.4","Shoot","MXE","105, 105, 105, 105"
"Solyc03g113920.4","Shoot","MXE","90"
"Solyc03g114450.3","Shoot","MXE","60, 70, 80, 105"
"Solyc03g115950.3","Shoot","MXE","105, 105, 105, 105"
"Solyc04g008630.3","Shoot","MXE","105, 105, 105, 105"
"Solyc04g054320.4","Shoot","MXE","105, 105, 105, 105"
"Solyc04g072035.1","Shoot","MXE","105, 105, 105, 105"
"Solyc04g080900.3","Shoot","MXE","105, 105, 105, 105"
"Solyc04g082590.3","Shoot","MXE","105, 105, 105, 105"
"Solyc05g007260.3","Shoot","MXE","105"
"Solyc05g007980.3","Shoot","MXE","105, 105, 105, 105"
"Solyc05g010320.4","Shoot","MXE","105, 105, 105, 105"
"Solyc05g013380.3","Shoot","MXE","105, 105, 105, 105"
"Solyc05g013530.4","Shoot","MXE","105, 105, 105, 105"
"Solyc05g052630.4","Shoot","MXE","105, 105, 105, 105, 60, 70, 80, 90, 105"
"Solyc06g005330.3","Shoot","MXE","105, 105, 105, 105"
"Solyc06g005750.3","Shoot","MXE","105, 105, 105, 105"
"Solyc06g065500.4","Shoot","MXE","105"
"Solyc06g070980.3","Shoot","MXE","80, 90"
"Solyc06g084140.4","Shoot","MXE","105"
"Solyc07g005680.4","Shoot","MXE","60"
"Solyc07g022900.4","Shoot","MXE","105"
"Solyc07g056540.3","Shoot","MXE","105, 105, 105, 105"
"Solyc08g006410.4","Shoot","MXE","105, 105, 105, 105"
"Solyc08g043180.3","Shoot","MXE","90"
"Solyc08g075120.3","Shoot","MXE","105, 105, 105, 105"
"Solyc08g076220.3","Shoot","MXE","105, 105, 105, 105"
"Solyc08g076720.4","Shoot","MXE","105, 105, 105, 105"
"Solyc08g082880.4","Shoot","MXE","105, 105, 105, 105"
"Solyc09g005480.3","Shoot","MXE","105, 105, 105, 105"
"Solyc09g015930.3","Shoot","MXE","25"
"Solyc09g047900.2","Shoot","MXE","90, 105"
"Solyc09g060100.3","Shoot","MXE","105, 105, 105, 105"
"Solyc09g063030.4","Shoot","MXE","105, 105, 105, 105"
"Solyc09g064590.4","Shoot","MXE","105, 105, 105, 105"
"Solyc09g065180.3","Shoot","MXE","105, 105, 105, 105"
"Solyc09g074050.3","Shoot","MXE","105, 105, 105, 105"
"Solyc10g005080.3","Shoot","MXE","105, 105, 105, 105, 80, 90, 105"
"Solyc10g008480.3","Shoot","MXE","105, 105, 105, 105, 105"
"Solyc10g008980.4","Shoot","MXE","80, 90, 105"
"Solyc10g044470.3","Shoot","MXE","105, 105, 105, 105"
"Solyc10g051110.1","Shoot","MXE","50, 60, 70"
"Solyc10g077110.1","Shoot","MXE","105, 105, 105, 105"
"Solyc10g079200.2","Shoot","MXE","90"
"Solyc10g085830.2","Shoot","MXE","90, 105"
"Solyc11g010380.2","Shoot","MXE","90"
"Solyc11g040370.2","Shoot","MXE","90"
"Solyc11g044330.3","Shoot","MXE","105, 105, 105, 105"
"Solyc11g073130.2","Shoot","MXE","105, 105, 105, 105"
"Solyc12g017420.2","Shoot","MXE","105, 105, 105, 105"
"Solyc12g019010.2","Shoot","MXE","105"
"Solyc12g036170.2","Shoot","MXE","105, 105, 105, 105"
"lnc_RNA:Solyc07r036700.1","Shoot","RI","90"
"Solyc01g005810.3","Shoot","RI","90"
"Solyc01g006000.3","Shoot","RI","50, 60, 70, 80, 90, 105"
"Solyc01g006900.3","Shoot","RI","10"
"Solyc01g006930.3","Shoot","RI","105"
"Solyc01g007100.3","Shoot","RI","105"
"Solyc01g008850.3","Shoot","RI","70, 80, 90, 105"
"Solyc01g008930.4","Shoot","RI","60"
"Solyc01g028860.3","Shoot","RI","105"
"Solyc01g057770.3","Shoot","RI","25, 60, 70, 80, 90, 105"
"Solyc01g058270.3","Shoot","RI","90"
"Solyc01g067120.4","Shoot","RI","15, 70, 80, 90, 105"
"Solyc01g080290.3","Shoot","RI","15, 20, 25, 30, 40, 50, 60, 70, 80, 90, 105"
"Solyc01g080510.3","Shoot","RI","70"
"Solyc01g080580.4","Shoot","RI","30"
"Solyc01g086650.3","Shoot","RI","40, 50, 60, 70, 80, 90, 105"
"Solyc01g087590.3","Shoot","RI","70, 105"
"Solyc01g087750.4","Shoot","RI","80"
"Solyc01g088100.4","Shoot","RI","90, 105"
"Solyc01g088480.3","Shoot","RI","80"
"Solyc01g094210.2","Shoot","RI","40, 50"
"Solyc01g094720.3","Shoot","RI","90"
"Solyc01g095460.3","Shoot","RI","90, 105"
"Solyc01g095670.4","Shoot","RI","5, 20, 25, 30, 60, 70, 105"
"Solyc01g097500.4","Shoot","RI","60, 90"
"Solyc01g097770.4","Shoot","RI","80, 90, 105"
"Solyc01g097860.4","Shoot","RI","50, 90, 105"
"Solyc01g098500.3","Shoot","RI","90, 105"
"Solyc01g098610.4","Shoot","RI","80, 90, 105"
"Solyc01g098830.3","Shoot","RI","80"
"Solyc01g099930.3","Shoot","RI","105"
"Solyc01g100360.4","Shoot","RI","15"
"Solyc01g100850.3","Shoot","RI","105"
"Solyc01g101040.3","Shoot","RI","80, 90"
"Solyc01g102950.3","Shoot","RI","70, 80, 90, 105"
"Solyc01g103450.3","Shoot","RI","80"
"Solyc01g105020.3","Shoot","RI","60"
"Solyc01g105120.4","Shoot","RI","70, 105"
"Solyc01g105300.4","Shoot","RI","70, 80"
"Solyc01g106950.3","Shoot","RI","105"
"Solyc01g107580.4","Shoot","RI","40"
"Solyc01g108210.4","Shoot","RI","30"
"Solyc01g108620.3","Shoot","RI","40, 50, 90, 105"
"Solyc01g109560.3","Shoot","RI","70"
"Solyc01g109700.3","Shoot","RI","20, 30, 40, 50, 60, 70, 80, 90, 105"
"Solyc01g110480.4","Shoot","RI","40, 50, 60"
"Solyc01g111020.3","Shoot","RI","20"
"Solyc01g111150.2","Shoot","RI","60, 90, 105"
"Solyc01g111840.3","Shoot","RI","105"
"Solyc02g005180.3","Shoot","RI","40, 50, 60, 70, 80, 90, 105"
"Solyc02g014830.4","Shoot","RI","60"
"Solyc02g020910.4","Shoot","RI","10, 50"
"Solyc02g036370.3","Shoot","RI","30, 40, 50, 90, 105"
"Solyc02g061840.3","Shoot","RI","90"
"Solyc02g067120.4","Shoot","RI","60, 70, 80, 90, 105"
"Solyc02g068070.4","Shoot","RI","105"
"Solyc02g068420.4","Shoot","RI","90, 105"
"Solyc02g070050.3","Shoot","RI","40"
"Solyc02g070860.4","Shoot","RI","25"
"Solyc02g078790.4","Shoot","RI","80, 90, 105"
"Solyc02g079060.3","Shoot","RI","105"
"Solyc02g079100.3","Shoot","RI","70"
"Solyc02g080570.3","Shoot","RI","50, 105"
"Solyc02g081500.3","Shoot","RI","50, 90, 105"
"Solyc02g082770.3","Shoot","RI","90"
"Solyc02g083180.4","Shoot","RI","80, 90, 105"
"Solyc02g083560.3","Shoot","RI","90, 105"
"Solyc02g084360.3","Shoot","RI","40, 50"
"Solyc02g085020.4","Shoot","RI","105"
"Solyc02g085050.3","Shoot","RI","105"
"Solyc02g085570.4","Shoot","RI","70"
"Solyc02g085940.4","Shoot","RI","60"
"Solyc02g086650.3","Shoot","RI","60, 70, 80, 90, 105"
"Solyc02g086900.4","Shoot","RI","50, 60, 70, 80, 90"
"Solyc02g088230.3","Shoot","RI","30, 40, 50, 60, 70, 80, 90, 105"
"Solyc02g088240.4","Shoot","RI","15"
"Solyc02g089130.4","Shoot","RI","60, 90"
"Solyc02g089890.4","Shoot","RI","25, 30, 40, 50, 60, 70, 80, 90, 105"
"Solyc02g090260.3","Shoot","RI","60, 105"
"Solyc02g090530.4","Shoot","RI","50"
"Solyc02g091030.4","Shoot","RI","105"
"Solyc02g091560.3","Shoot","RI","25, 90, 105"
"Solyc02g092150.3","Shoot","RI","90"
"Solyc02g092660.3","Shoot","RI","15, 30"
"Solyc02g093080.3","Shoot","RI","105"
"Solyc02g093700.3","Shoot","RI","60"
"Solyc02g093940.3","Shoot","RI","20, 25, 30, 40, 90"
"Solyc02g094120.3","Shoot","RI","80, 90"
"Solyc02g094150.4","Shoot","RI","60, 70, 80"
"Solyc02g094640.4","Shoot","RI","10"
"Solyc03g005080.4","Shoot","RI","80, 90, 105"
"Solyc03g005280.4","Shoot","RI","80"
"Solyc03g006610.3","Shoot","RI","40, 70"
"Solyc03g007270.3","Shoot","RI","30, 80"
"Solyc03g026210.4","Shoot","RI","80"
"Solyc03g026300.4","Shoot","RI","105"
"Solyc03g031680.3","Shoot","RI","80, 90, 105"
"Solyc03g033360.3","Shoot","RI","20"
"Solyc03g033540.3","Shoot","RI","70, 80, 90, 105"
"Solyc03g044430.3","Shoot","RI","40"
"Solyc03g059260.4","Shoot","RI","70, 80, 90, 105"
"Solyc03g063600.4","Shoot","RI","105"
"Solyc03g065250.4","Shoot","RI","90, 105"
"Solyc03g071590.3","Shoot","RI","90"
"Solyc03g081320.3","Shoot","RI","15, 20, 25, 30, 40, 50, 60, 70, 80, 90, 105"
"Solyc03g082560.3","Shoot","RI","70"
"Solyc03g082820.3","Shoot","RI","90, 105"
"Solyc03g082960.2","Shoot","RI","20, 70, 80, 90"
"Solyc03g083010.3","Shoot","RI","70"
"Solyc03g083910.5","Shoot","RI","90, 105"
"Solyc03g083960.3","Shoot","RI","105"
"Solyc03g095250.3","Shoot","RI","105"
"Solyc03g095810.3","Shoot","RI","70, 80, 90, 105"
"Solyc03g096380.3","Shoot","RI","50, 60, 70, 80, 90, 105"
"Solyc03g097460.3","Shoot","RI","50"
"Solyc03g098320.4","Shoot","RI","50, 60, 70, 80, 90, 105"
"Solyc03g111330.4","Shoot","RI","90"
"Solyc03g112050.4","Shoot","RI","50, 80, 90, 105"
"Solyc03g113140.3","Shoot","RI","80"
"Solyc03g113280.3","Shoot","RI","60"
"Solyc03g115720.3","Shoot","RI","105"
"Solyc03g115950.3","Shoot","RI","30, 40, 50, 60, 70, 80, 90, 105"
"Solyc03g117280.4","Shoot","RI","70, 80, 90, 105"
"Solyc03g117680.4","Shoot","RI","40, 50, 60, 70, 80, 90, 105"
"Solyc03g118140.3","Shoot","RI","80"
"Solyc03g118620.3","Shoot","RI","90, 105"
"Solyc03g119250.4","Shoot","RI","70, 80, 90"
"Solyc04g005860.3","Shoot","RI","70"
"Solyc04g008240.3","Shoot","RI","105"
"Solyc04g009620.4","Shoot","RI","50"
"Solyc04g016010.4","Shoot","RI","70"
"Solyc04g016050.3","Shoot","RI","80"
"Solyc04g017720.3","Shoot","RI","25, 30, 40, 50, 60, 70, 80, 90, 105"
"Solyc04g025990.3","Shoot","RI","105"
"Solyc04g026200.3","Shoot","RI","105"
"Solyc04g045600.4","Shoot","RI","90"
"Solyc04g054490.3","Shoot","RI","70, 80, 90, 105"
"Solyc04g054890.3","Shoot","RI","25"
"Solyc04g055200.3","Shoot","RI","80"
"Solyc04g055250.4","Shoot","RI","40"
"Solyc04g056340.4","Shoot","RI","15, 40"
"Solyc04g057990.4","Shoot","RI","70, 80, 90, 105"
"Solyc04g072034.1","Shoot","RI","60"
"Solyc04g072880.3","Shoot","RI","25"
"Solyc04g072920.4","Shoot","RI","70, 80"
"Solyc04g076830.4","Shoot","RI","50, 60"
"Solyc04g077120.4","Shoot","RI","80"
"Solyc04g077270.4","Shoot","RI","60, 105"
"Solyc04g077560.3","Shoot","RI","90, 105"
"Solyc04g077920.3","Shoot","RI","70, 80, 90, 105"
"Solyc04g079430.4","Shoot","RI","105"
"Solyc04g080750.4","Shoot","RI","70, 80, 90, 105"
"Solyc04g080900.3","Shoot","RI","90, 105"
"Solyc04g082290.4","Shoot","RI","5, 105"
"Solyc05g005180.3","Shoot","RI","25"
"Solyc05g005730.4","Shoot","RI","25"
"Solyc05g005760.4","Shoot","RI","15"
"Solyc05g006170.4","Shoot","RI","40"
"Solyc05g006760.4","Shoot","RI","20"
"Solyc05g007190.4","Shoot","RI","105"
"Solyc05g007890.4","Shoot","RI","20"
"Solyc05g008540.3","Shoot","RI","90"
"Solyc05g008580.3","Shoot","RI","90, 105"
"Solyc05g009070.4","Shoot","RI","90, 105"
"Solyc05g013180.4","Shoot","RI","90"
"Solyc05g014310.3","Shoot","RI","105"
"Solyc05g014760.3","Shoot","RI","90"
"Solyc05g016030.3","Shoot","RI","90, 105"
"Solyc05g050800.3","Shoot","RI","105"
"Solyc05g052300.4","Shoot","RI","70, 80"
"Solyc05g052310.3","Shoot","RI","90"
"Solyc05g052910.4","Shoot","RI","60, 70, 80"
"Solyc05g052950.4","Shoot","RI","40"
"Solyc05g053130.3","Shoot","RI","15"
"Solyc05g053210.4","Shoot","RI","80"
"Solyc05g054740.3","Shoot","RI","50"
"Solyc05g150106.1","Shoot","RI","60"
"Solyc06g005110.3","Shoot","RI","90, 105"
"Solyc06g007350.4","Shoot","RI","40"
"Solyc06g011530.3","Shoot","RI","80, 90"
"Solyc06g048940.4","Shoot","RI","90, 105"
"Solyc06g050630.3","Shoot","RI","30"
"Solyc06g051210.3","Shoot","RI","105"
"Solyc06g051380.3","Shoot","RI","90"
"Solyc06g051570.4","Shoot","RI","70"
"Solyc06g053630.3","Shoot","RI","60, 70, 80"
"Solyc06g054540.3","Shoot","RI","15"
"Solyc06g059800.3","Shoot","RI","105"
"Solyc06g060670.4","Shoot","RI","70, 80, 90, 105"
"Solyc06g060880.4","Shoot","RI","60, 70, 80, 90, 105"
"Solyc06g065500.4","Shoot","RI","105"
"Solyc06g066470.4","Shoot","RI","90, 105"
"Solyc06g068670.3","Shoot","RI","70, 80, 90, 105"
"Solyc06g068980.4","Shoot","RI","90, 105"
"Solyc06g069090.3","Shoot","RI","90, 105"
"Solyc06g072160.3","Shoot","RI","90, 105"
"Solyc06g074510.4","Shoot","RI","105"
"Solyc06g074670.4","Shoot","RI","30, 40, 50, 60, 70, 80, 90, 105"
"Solyc06g074960.4","Shoot","RI","50"
"Solyc06g075590.4","Shoot","RI","90"
"Solyc06g076050.4","Shoot","RI","90, 105"
"Solyc06g076250.4","Shoot","RI","80, 90, 105"
"Solyc06g076300.3","Shoot","RI","60, 70, 80, 90, 105"
"Solyc06g076670.3","Shoot","RI","40, 50, 60, 90, 105"
"Solyc06g083410.4","Shoot","RI","90, 105"
"Solyc06g083990.3","Shoot","RI","90, 105"
"Solyc07g005550.4","Shoot","RI","80"
"Solyc07g007810.3","Shoot","RI","70, 80"
"Solyc07g008260.3","Shoot","RI","50"
"Solyc07g014590.4","Shoot","RI","105"
"Solyc07g019460.3","Shoot","RI","90, 105"
"Solyc07g019530.3","Shoot","RI","90, 105"
"Solyc07g021700.3","Shoot","RI","60, 70, 80, 90, 105"
"Solyc07g022900.4","Shoot","RI","15, 20, 25, 50, 60, 90, 105"
"Solyc07g026930.3","Shoot","RI","105"
"Solyc07g032230.3","Shoot","RI","90, 105"
"Solyc07g039190.4","Shoot","RI","70, 105"
"Solyc07g039510.4","Shoot","RI","60, 70, 80, 90"
"Solyc07g041160.3","Shoot","RI","105"
"Solyc07g041750.3","Shoot","RI","50"
"Solyc07g043580.4","Shoot","RI","40, 50, 60, 70, 80, 90, 105"
"Solyc07g045420.4","Shoot","RI","50, 60"
"Solyc07g049310.3","Shoot","RI","90"
"Solyc07g049320.4","Shoot","RI","90"
"Solyc07g061990.3","Shoot","RI","70, 80, 90"
"Solyc07g063240.4","Shoot","RI","105"
"Solyc07g063770.3","Shoot","RI","90"
"Solyc07g066510.4","Shoot","RI","50"
"Solyc07g066610.3","Shoot","RI","5, 10"
"Solyc07g066620.3","Shoot","RI","40, 80, 90, 105"
"Solyc08g006430.4","Shoot","RI","10, 40, 50"
"Solyc08g007540.3","Shoot","RI","50, 60, 70, 80, 90, 105"
"Solyc08g016310.3","Shoot","RI","70, 80, 90, 105"
"Solyc08g029050.4","Shoot","RI","50, 80"
"Solyc08g059760.3","Shoot","RI","60"
"Solyc08g061560.3","Shoot","RI","80"
"Solyc08g062560.4","Shoot","RI","70, 80, 90, 105"
"Solyc08g065220.3","Shoot","RI","80"
"Solyc08g065430.3","Shoot","RI","60, 70, 80, 90, 105"
"Solyc08g065480.3","Shoot","RI","15"
"Solyc08g066580.4","Shoot","RI","80"
"Solyc08g069060.4","Shoot","RI","105"
"Solyc08g075990.3","Shoot","RI","80"
"Solyc08g076290.3","Shoot","RI","70, 80, 90, 105"
"Solyc08g077210.4","Shoot","RI","70, 80, 90, 105"
"Solyc08g078230.4","Shoot","RI","90, 105"
"Solyc08g079750.3","Shoot","RI","90, 105"
"Solyc08g080000.3","Shoot","RI","25, 30, 40, 50, 60, 70, 80, 90, 105"
"Solyc08g080050.4","Shoot","RI","80, 90, 105"
"Solyc08g082880.4","Shoot","RI","90, 105"
"Solyc08g082990.3","Shoot","RI","80"
"Solyc08g083060.3","Shoot","RI","90"
"Solyc08g083320.4","Shoot","RI","90, 105"
"Solyc09g005230.3","Shoot","RI","20"
"Solyc09g007160.4","Shoot","RI","90"
"Solyc09g007680.4","Shoot","RI","90, 105"
"Solyc09g008490.4","Shoot","RI","105"
"Solyc09g008520.4","Shoot","RI","50, 90"
"Solyc09g008650.3","Shoot","RI","20, 40"
"Solyc09g009660.3","Shoot","RI","90"
"Solyc09g010380.3","Shoot","RI","90, 105"
"Solyc09g010460.3","Shoot","RI","105"
"Solyc09g011860.4","Shoot","RI","105"
"Solyc09g018830.2","Shoot","RI","30, 40, 50, 60, 70, 80, 90, 105"
"Solyc09g030390.3","Shoot","RI","70"
"Solyc09g031750.4","Shoot","RI","70, 80, 90"
"Solyc09g057580.4","Shoot","RI","25, 70"
"Solyc09g063030.4","Shoot","RI","80, 90"
"Solyc09g064870.3","Shoot","RI","105"
"Solyc09g065660.4","Shoot","RI","15, 20, 25, 90, 105"
"Solyc09g065950.3","Shoot","RI","70"
"Solyc09g066470.4","Shoot","RI","20, 40, 50, 60"
"Solyc09g074310.3","Shoot","RI","90"
"Solyc09g075390.4","Shoot","RI","105"
"Solyc09g082380.4","Shoot","RI","50"
"Solyc09g082650.4","Shoot","RI","60, 70, 80"
"Solyc09g083190.3","Shoot","RI","90"
"Solyc09g089560.4","Shoot","RI","105"
"Solyc09g090570.2","Shoot","RI","70, 80, 90, 105"
"Solyc09g091030.3","Shoot","RI","60, 90, 105"
"Solyc09g098040.3","Shoot","RI","105"
"Solyc09g098500.4","Shoot","RI","80"
"Solyc10g005310.3","Shoot","RI","105"
"Solyc10g005630.3","Shoot","RI","90, 105"
"Solyc10g006820.4","Shoot","RI","60, 70, 80"
"Solyc10g011730.3","Shoot","RI","30"
"Solyc10g018530.2","Shoot","RI","90"
"Solyc10g044740.2","Shoot","RI","70, 105"
"Solyc10g050060.2","Shoot","RI","25, 30, 40, 50, 60, 70, 80, 90"
"Solyc10g051110.1","Shoot","RI","80, 90, 105"
"Solyc10g052660.4","Shoot","RI","80"
"Solyc10g054870.3","Shoot","RI","80, 90, 105"
"Solyc10g075030.3","Shoot","RI","105"
"Solyc10g079110.2","Shoot","RI","80, 90"
"Solyc10g083360.2","Shoot","RI","70, 80"
"Solyc10g084150.2","Shoot","RI","60, 70, 105"
"Solyc10g084370.3","Shoot","RI","5, 10, 15, 20, 25, 30, 40, 50"
"Solyc10g085620.2","Shoot","RI","90, 105"
"Solyc10g085980.2","Shoot","RI","90, 105"
"Solyc10g086565.2","Shoot","RI","90, 105"
"Solyc10g086580.2","Shoot","RI","25, 70, 80"
"Solyc11g005170.2","Shoot","RI","105"
"Solyc11g005340.3","Shoot","RI","25"
"Solyc11g005670.2","Shoot","RI","40"
"Solyc11g006020.2","Shoot","RI","40, 50, 60, 70, 80, 90, 105"
"Solyc11g006820.2","Shoot","RI","105"
"Solyc11g008000.2","Shoot","RI","60, 90, 105"
"Solyc11g009060.2","Shoot","RI","30, 40, 70"
"Solyc11g039950.3","Shoot","RI","90"
"Solyc11g065350.2","Shoot","RI","90, 105"
"Solyc11g066790.2","Shoot","RI","105"
"Solyc11g069380.2","Shoot","RI","80"
"Solyc11g069625.1","Shoot","RI","50"
"Solyc11g072340.2","Shoot","RI","70, 80"
"Solyc11g072590.3","Shoot","RI","70, 80"
"Solyc11g073120.2","Shoot","RI","40"
"Solyc12g005300.2","Shoot","RI","105"
"Solyc12g005630.2","Shoot","RI","15"
"Solyc12g006050.2","Shoot","RI","50, 60"
"Solyc12g007100.2","Shoot","RI","25"
"Solyc12g008420.3","Shoot","RI","80, 90"
"Solyc12g008750.3","Shoot","RI","50, 60, 70, 80, 90, 105"
"Solyc12g008770.2","Shoot","RI","105"
"Solyc12g009480.2","Shoot","RI","80, 90"
"Solyc12g009610.2","Shoot","RI","105"
"Solyc12g010230.2","Shoot","RI","60, 70, 80, 90, 105"
"Solyc12g010930.2","Shoot","RI","105"
"Solyc12g013840.3","Shoot","RI","25"
"Solyc12g014220.3","Shoot","RI","70"
"Solyc12g014530.3","Shoot","RI","105"
"Solyc12g019740.2","Shoot","RI","60, 90"
"Solyc12g036170.2","Shoot","RI","80, 90, 105"
"Solyc12g040640.2","Shoot","RI","105"
"Solyc12g040680.2","Shoot","RI","105"
"Solyc12g040790.2","Shoot","RI","80"
"Solyc12g056300.3","Shoot","RI","105"
"Solyc12g056350.2","Shoot","RI","50, 80, 90, 105"
"Solyc12g088820.2","Shoot","RI","15"
"Solyc12g089180.2","Shoot","RI","105"
"Solyc12g095750.2","Shoot","RI","70"
"Solyc12g095760.2","Shoot","RI","20, 25, 30, 40, 50, 60, 70, 80, 90, 105"
"Solyc12g096280.2","Shoot","RI","90"
"Solyc12g096320.2","Shoot","RI","105"
"Solyc12g098660.3","Shoot","RI","90, 105"
"Solyc12g099270.2","Shoot","RI","90, 105"
"Solyc12g099940.2","Shoot","RI","5, 70, 80, 90, 105"
"lnc_RNA:Solyc05r027730.1","Shoot","SE","10"
"lnc_RNA:Solyc06r028720.1","Shoot","SE","105"
"lnc_RNA:Solyc12r054770.1","Shoot","SE","105"
"Solyc01g005550.3","Shoot","SE","70, 80, 90, 105"
"Solyc01g006000.3","Shoot","SE","105"
"Solyc01g006930.3","Shoot","SE","105"
"Solyc01g007100.3","Shoot","SE","105"
"Solyc01g008850.3","Shoot","SE","105"
"Solyc01g028860.3","Shoot","SE","105"
"Solyc01g057760.4","Shoot","SE","90, 105"
"Solyc01g057770.3","Shoot","SE","105"
"Solyc01g065560.4","Shoot","SE","90, 105"
"Solyc01g067120.4","Shoot","SE","105"
"Solyc01g073660.3","Shoot","SE","80"
"Solyc01g080290.3","Shoot","SE","105"
"Solyc01g086650.3","Shoot","SE","105"
"Solyc01g087590.3","Shoot","SE","105"
"Solyc01g088100.4","Shoot","SE","105, 90, 105"
"Solyc01g091780.4","Shoot","SE","80, 90"
"Solyc01g094210.2","Shoot","SE","105"
"Solyc01g094570.3","Shoot","SE","105"
"Solyc01g095460.3","Shoot","SE","105, 70, 80, 90, 105"
"Solyc01g095670.4","Shoot","SE","105"
"Solyc01g097770.4","Shoot","SE","105"
"Solyc01g097860.4","Shoot","SE","105"
"Solyc01g097880.4","Shoot","SE","90, 105"
"Solyc01g098500.3","Shoot","SE","105, 40"
"Solyc01g098610.4","Shoot","SE","105"
"Solyc01g098830.3","Shoot","SE","90"
"Solyc01g099930.3","Shoot","SE","105"
"Solyc01g100810.3","Shoot","SE","80, 90, 105"
"Solyc01g100850.3","Shoot","SE","105"
"Solyc01g102950.3","Shoot","SE","105"
"Solyc01g103110.3","Shoot","SE","40, 50, 60, 70, 80, 90, 105"
"Solyc01g103950.4","Shoot","SE","105"
"Solyc01g105120.4","Shoot","SE","105"
"Solyc01g106040.3","Shoot","SE","105"
"Solyc01g106950.3","Shoot","SE","105"
"Solyc01g108600.3","Shoot","SE","70, 105"
"Solyc01g108620.3","Shoot","SE","105"
"Solyc01g109700.3","Shoot","SE","105"
"Solyc01g110280.3","Shoot","SE","60"
"Solyc01g110480.4","Shoot","SE","50, 60, 70, 80, 90, 105"
"Solyc01g111130.4","Shoot","SE","90"
"Solyc01g111150.2","Shoot","SE","105"
"Solyc01g111840.3","Shoot","SE","105"
"Solyc01g112310.4","Shoot","SE","90"
"Solyc02g005180.3","Shoot","SE","105, 50, 60, 70, 80, 90, 105"
"Solyc02g036370.3","Shoot","SE","105"
"Solyc02g050280.4","Shoot","SE","70"
"Solyc02g062130.4","Shoot","SE","30, 40"
"Solyc02g062640.4","Shoot","SE","105"
"Solyc02g063450.4","Shoot","SE","50"
"Solyc02g067120.4","Shoot","SE","105"
"Solyc02g068070.4","Shoot","SE","105"
"Solyc02g068380.3","Shoot","SE","90"
"Solyc02g068420.4","Shoot","SE","105"
"Solyc02g078790.4","Shoot","SE","105"
"Solyc02g078820.3","Shoot","SE","30"
"Solyc02g079040.3","Shoot","SE","90, 105"
"Solyc02g079060.3","Shoot","SE","105"
"Solyc02g080570.3","Shoot","SE","105"
"Solyc02g081340.3","Shoot","SE","70, 80, 90, 105"
"Solyc02g081500.3","Shoot","SE","105"
"Solyc02g082490.4","Shoot","SE","60, 90, 105"
"Solyc02g083180.4","Shoot","SE","105"
"Solyc02g083560.3","Shoot","SE","105"
"Solyc02g084440.4","Shoot","SE","80, 90, 105"
"Solyc02g084640.4","Shoot","SE","105"
"Solyc02g085020.4","Shoot","SE","105"
"Solyc02g085050.3","Shoot","SE","105"
"Solyc02g086650.3","Shoot","SE","105"
"Solyc02g086710.3","Shoot","SE","40, 70, 80, 90, 105"
"Solyc02g088230.3","Shoot","SE","105"
"Solyc02g089220.4","Shoot","SE","105"
"Solyc02g089890.4","Shoot","SE","105"
"Solyc02g089980.3","Shoot","SE","90"
"Solyc02g090260.3","Shoot","SE","105"
"Solyc02g091030.4","Shoot","SE","105"
"Solyc02g091560.3","Shoot","SE","105"
"Solyc02g092560.3","Shoot","SE","105"
"Solyc02g092920.4","Shoot","SE","105"
"Solyc02g093030.3","Shoot","SE","80, 90"
"Solyc02g093080.3","Shoot","SE","105"
"Solyc03g005080.4","Shoot","SE","105"
"Solyc03g005120.3","Shoot","SE","70, 80"
"Solyc03g025600.3","Shoot","SE","80"
"Solyc03g026300.4","Shoot","SE","105, 90, 105"
"Solyc03g031680.3","Shoot","SE","105"
"Solyc03g031730.3","Shoot","SE","50"
"Solyc03g033540.3","Shoot","SE","105"
"Solyc03g043950.4","Shoot","SE","90, 105"
"Solyc03g059260.4","Shoot","SE","105"
"Solyc03g062665.1","Shoot","SE","60"
"Solyc03g063600.4","Shoot","SE","105, 70, 80, 90, 105"
"Solyc03g065250.4","Shoot","SE","105"
"Solyc03g078080.4","Shoot","SE","90"
"Solyc03g081320.3","Shoot","SE","105"
"Solyc03g082660.3","Shoot","SE","80, 90, 105"
"Solyc03g082820.3","Shoot","SE","105"
"Solyc03g083010.3","Shoot","SE","105"
"Solyc03g083910.5","Shoot","SE","105"
"Solyc03g083960.3","Shoot","SE","105"
"Solyc03g095250.3","Shoot","SE","105"
"Solyc03g095810.3","Shoot","SE","105"
"Solyc03g096380.3","Shoot","SE","105"
"Solyc03g097060.4","Shoot","SE","60, 90, 105"
"Solyc03g097180.3","Shoot","SE","90"
"Solyc03g097280.4","Shoot","SE","70, 80"
"Solyc03g098320.4","Shoot","SE","105"
"Solyc03g110940.3","Shoot","SE","50, 60"
"Solyc03g111700.3","Shoot","SE","80"
"Solyc03g112050.4","Shoot","SE","105, 30, 40, 50, 60, 70, 80, 90, 105"
"Solyc03g112300.3","Shoot","SE","90"
"Solyc03g112570.2","Shoot","SE","70"
"Solyc03g113920.4","Shoot","SE","80, 90, 105"
"Solyc03g114450.3","Shoot","SE","90, 105"
"Solyc03g115720.3","Shoot","SE","105"
"Solyc03g115950.3","Shoot","SE","105, 90, 105"
"Solyc03g117280.4","Shoot","SE","105"
"Solyc03g117370.3","Shoot","SE","90"
"Solyc03g117420.4","Shoot","SE","50"
"Solyc03g117680.4","Shoot","SE","105"
"Solyc03g118350.4","Shoot","SE","105"
"Solyc03g118620.3","Shoot","SE","105"
"Solyc03g123560.3","Shoot","SE","105"
"Solyc03g123700.4","Shoot","SE","105"
"Solyc04g007110.4","Shoot","SE","70, 80"
"Solyc04g007610.3","Shoot","SE","70, 80, 90, 105"
"Solyc04g007880.4","Shoot","SE","90, 105"
"Solyc04g008240.3","Shoot","SE","105"
"Solyc04g009050.4","Shoot","SE","90, 105"
"Solyc04g011380.4","Shoot","SE","60, 70, 105"
"Solyc04g017720.3","Shoot","SE","105"
"Solyc04g025990.3","Shoot","SE","105"
"Solyc04g026200.3","Shoot","SE","105"
"Solyc04g026220.4","Shoot","SE","70"
"Solyc04g045470.4","Shoot","SE","70"
"Solyc04g049090.3","Shoot","SE","70"
"Solyc04g054170.4","Shoot","SE","105"
"Solyc04g054320.4","Shoot","SE","90"
"Solyc04g054490.3","Shoot","SE","105"
"Solyc04g056340.4","Shoot","SE","40, 50, 60, 70, 80, 90, 105"
"Solyc04g057990.4","Shoot","SE","105"
"Solyc04g076300.4","Shoot","SE","105"
"Solyc04g077270.4","Shoot","SE","105"
"Solyc04g077450.3","Shoot","SE","90"
"Solyc04g077560.3","Shoot","SE","105"
"Solyc04g077920.3","Shoot","SE","105"
"Solyc04g079430.4","Shoot","SE","105"
"Solyc04g080370.3","Shoot","SE","90, 105"
"Solyc04g080750.4","Shoot","SE","105"
"Solyc04g080810.4","Shoot","SE","105"
"Solyc04g080900.3","Shoot","SE","105"
"Solyc04g082290.4","Shoot","SE","105"
"Solyc04g082920.4","Shoot","SE","80"
"Solyc04g082970.4","Shoot","SE","90"
"Solyc05g005490.4","Shoot","SE","80"
"Solyc05g005760.4","Shoot","SE","70, 80, 90, 105"
"Solyc05g007190.4","Shoot","SE","105"
"Solyc05g007980.3","Shoot","SE","15"
"Solyc05g008060.4","Shoot","SE","40, 105"
"Solyc05g008580.3","Shoot","SE","105"
"Solyc05g009070.4","Shoot","SE","105"
"Solyc05g009160.3","Shoot","SE","105"
"Solyc05g013150.4","Shoot","SE","70, 80, 90, 105"
"Solyc05g013210.3","Shoot","SE","10"
"Solyc05g013530.4","Shoot","SE","105"
"Solyc05g014310.3","Shoot","SE","105"
"Solyc05g015920.3","Shoot","SE","80, 90, 105"
"Solyc05g016030.3","Shoot","SE","105"
"Solyc05g050770.4","Shoot","SE","50"
"Solyc05g050800.3","Shoot","SE","105"
"Solyc05g052630.4","Shoot","SE","40, 70, 80, 90, 105"
"Solyc05g052690.4","Shoot","SE","90, 105"
"Solyc05g053930.4","Shoot","SE","105"
"Solyc05g053950.4","Shoot","SE","90"
"Solyc05g054390.4","Shoot","SE","105"
"Solyc05g054740.3","Shoot","SE","70, 80, 90, 105"
"Solyc06g005110.3","Shoot","SE","105"
"Solyc06g007310.4","Shoot","SE","90, 105"
"Solyc06g007660.2","Shoot","SE","90"
"Solyc06g011530.3","Shoot","SE","90, 105"
"Solyc06g048940.4","Shoot","SE","105"
"Solyc06g051210.3","Shoot","SE","105"
"Solyc06g059800.3","Shoot","SE","105"
"Solyc06g060170.3","Shoot","SE","105"
"Solyc06g060610.2","Shoot","SE","105"
"Solyc06g060670.4","Shoot","SE","105"
"Solyc06g060880.4","Shoot","SE","105"
"Solyc06g063250.3","Shoot","SE","80"
"Solyc06g065500.4","Shoot","SE","105"
"Solyc06g066470.4","Shoot","SE","105"
"Solyc06g068670.3","Shoot","SE","105, 70, 80, 90, 105"
"Solyc06g068980.4","Shoot","SE","105"
"Solyc06g069090.3","Shoot","SE","105"
"Solyc06g072160.3","Shoot","SE","105, 70, 80"
"Solyc06g074510.4","Shoot","SE","105"
"Solyc06g074670.4","Shoot","SE","105"
"Solyc06g076050.4","Shoot","SE","105, 105"
"Solyc06g076250.4","Shoot","SE","105"
"Solyc06g076300.3","Shoot","SE","105"
"Solyc06g076670.3","Shoot","SE","105, 90"
"Solyc06g083410.4","Shoot","SE","105"
"Solyc06g083990.3","Shoot","SE","105"
"Solyc07g005680.4","Shoot","SE","60"
"Solyc07g005690.3","Shoot","SE","50, 60, 70, 80, 90, 105"
"Solyc07g006120.3","Shoot","SE","105"
"Solyc07g007690.4","Shoot","SE","105"
"Solyc07g014590.4","Shoot","SE","105"
"Solyc07g017490.3","Shoot","SE","105"
"Solyc07g019460.3","Shoot","SE","105"
"Solyc07g019530.3","Shoot","SE","105"
"Solyc07g021700.3","Shoot","SE","105"
"Solyc07g022900.4","Shoot","SE","105"
"Solyc07g026930.3","Shoot","SE","105"
"Solyc07g032230.3","Shoot","SE","105"
"Solyc07g039190.4","Shoot","SE","105"
"Solyc07g040950.3","Shoot","SE","90, 105"
"Solyc07g041160.3","Shoot","SE","105"
"Solyc07g041830.4","Shoot","SE","20"
"Solyc07g043580.4","Shoot","SE","105, 80"
"Solyc07g049720.4","Shoot","SE","80"
"Solyc07g049730.3","Shoot","SE","105"
"Solyc07g052340.4","Shoot","SE","50"
"Solyc07g053450.4","Shoot","SE","70, 80"
"Solyc07g054440.3","Shoot","SE","90, 105"
"Solyc07g062080.4","Shoot","SE","105"
"Solyc07g063240.4","Shoot","SE","105"
"Solyc07g064510.3","Shoot","SE","70, 80, 90"
"Solyc07g065370.4","Shoot","SE","90, 105"
"Solyc07g066120.3","Shoot","SE","105"
"Solyc07g066310.3","Shoot","SE","105"
"Solyc07g066620.3","Shoot","SE","105"
"Solyc08g006160.4","Shoot","SE","50"
"Solyc08g006760.4","Shoot","SE","40, 50, 60, 90"
"Solyc08g007540.3","Shoot","SE","105"
"Solyc08g014440.4","Shoot","SE","105"
"Solyc08g016310.3","Shoot","SE","105, 90, 105"
"Solyc08g059760.3","Shoot","SE","105"
"Solyc08g062560.4","Shoot","SE","105"
"Solyc08g065360.3","Shoot","SE","70, 105"
"Solyc08g065430.3","Shoot","SE","105"
"Solyc08g065990.3","Shoot","SE","90"
"Solyc08g066540.3","Shoot","SE","70, 80"
"Solyc08g068270.3","Shoot","SE","90"
"Solyc08g069060.4","Shoot","SE","105"
"Solyc08g075520.4","Shoot","SE","80"
"Solyc08g075710.3","Shoot","SE","70"
"Solyc08g076220.3","Shoot","SE","50"
"Solyc08g076290.3","Shoot","SE","105"
"Solyc08g077210.4","Shoot","SE","105"
"Solyc08g077310.3","Shoot","SE","50, 60, 105"
"Solyc08g077530.3","Shoot","SE","90, 105"
"Solyc08g078230.4","Shoot","SE","105"
"Solyc08g079750.3","Shoot","SE","105"
"Solyc08g080000.3","Shoot","SE","105"
"Solyc08g080050.4","Shoot","SE","105"
"Solyc08g081070.3","Shoot","SE","90, 105"
"Solyc08g081750.3","Shoot","SE","40, 50, 60, 90, 105"
"Solyc08g081770.3","Shoot","SE","90, 105"
"Solyc08g081990.3","Shoot","SE","70, 80, 90, 105"
"Solyc08g082880.4","Shoot","SE","105, 90, 105"
"Solyc08g083250.4","Shoot","SE","25"
"Solyc08g083320.4","Shoot","SE","105"
"Solyc09g005270.3","Shoot","SE","30"
"Solyc09g005480.3","Shoot","SE","90"
"Solyc09g005580.4","Shoot","SE","90, 105"
"Solyc09g007680.4","Shoot","SE","105"
"Solyc09g008490.4","Shoot","SE","105"
"Solyc09g010380.3","Shoot","SE","105"
"Solyc09g010460.3","Shoot","SE","105"
"Solyc09g010970.4","Shoot","SE","90"
"Solyc09g011830.4","Shoot","SE","90, 105"
"Solyc09g011860.4","Shoot","SE","105"
"Solyc09g018830.2","Shoot","SE","105"
"Solyc09g055930.3","Shoot","SE","105"
"Solyc09g059510.3","Shoot","SE","90"
"Solyc09g061860.4","Shoot","SE","70, 80, 90, 105"
"Solyc09g064540.3","Shoot","SE","70"
"Solyc09g064870.3","Shoot","SE","105"
"Solyc09g065180.3","Shoot","SE","50, 60, 70, 80, 90, 105"
"Solyc09g065660.4","Shoot","SE","105"
"Solyc09g075390.4","Shoot","SE","105"
"Solyc09g083370.3","Shoot","SE","80, 90, 105"
"Solyc09g089560.4","Shoot","SE","105, 20, 50, 60, 70, 105"
"Solyc09g090570.2","Shoot","SE","105"
"Solyc09g091030.3","Shoot","SE","105, 105"
"Solyc09g092680.4","Shoot","SE","40, 90, 105"
"Solyc09g098040.3","Shoot","SE","105"
"Solyc09g098370.4","Shoot","SE","105"
"Solyc10g005030.4","Shoot","SE","70, 80, 90, 105"
"Solyc10g005080.3","Shoot","SE","40, 50, 60, 70, 80, 90, 105"
"Solyc10g005310.3","Shoot","SE","105"
"Solyc10g005630.3","Shoot","SE","105"
"Solyc10g007500.4","Shoot","SE","20, 40, 90, 105"
"Solyc10g044740.2","Shoot","SE","105"
"Solyc10g045540.2","Shoot","SE","105"
"Solyc10g049630.2","Shoot","SE","70, 80, 90, 105"
"Solyc10g051110.1","Shoot","SE","105"
"Solyc10g054870.3","Shoot","SE","105"
"Solyc10g074990.2","Shoot","SE","105"
"Solyc10g075030.3","Shoot","SE","105"
"Solyc10g077110.1","Shoot","SE","105"
"Solyc10g078160.2","Shoot","SE","90"
"Solyc10g078180.3","Shoot","SE","105"
"Solyc10g084150.2","Shoot","SE","105, 80, 90, 105"
"Solyc10g085620.2","Shoot","SE","105"
"Solyc10g085980.2","Shoot","SE","105"
"Solyc10g086565.2","Shoot","SE","105"
"Solyc10g150105.1","Shoot","SE","30"
"Solyc11g005170.2","Shoot","SE","105"
"Solyc11g006020.2","Shoot","SE","105"
"Solyc11g006460.3","Shoot","SE","105"
"Solyc11g006820.2","Shoot","SE","105"
"Solyc11g008000.2","Shoot","SE","105"
"Solyc11g010890.3","Shoot","SE","30, 60, 70, 80, 90, 105"
"Solyc11g032130.3","Shoot","SE","90"
"Solyc11g044330.3","Shoot","SE","105"
"Solyc11g065240.2","Shoot","SE","90"
"Solyc11g065320.2","Shoot","SE","70, 105"
"Solyc11g065350.2","Shoot","SE","105"
"Solyc11g066790.2","Shoot","SE","105"
"Solyc11g072550.2","Shoot","SE","105"
"Solyc11g150100.1","Shoot","SE","90"
"Solyc12g005300.2","Shoot","SE","105"
"Solyc12g007100.2","Shoot","SE","90"
"Solyc12g008750.3","Shoot","SE","105"
"Solyc12g008770.2","Shoot","SE","105"
"Solyc12g009610.2","Shoot","SE","105"
"Solyc12g010230.2","Shoot","SE","105"
"Solyc12g010930.2","Shoot","SE","105"
"Solyc12g014220.3","Shoot","SE","105"
"Solyc12g014530.3","Shoot","SE","105"
"Solyc12g015630.2","Shoot","SE","90, 105"
"Solyc12g019740.2","Shoot","SE","40"
"Solyc12g021280.2","Shoot","SE","70, 80, 90, 105"
"Solyc12g021360.3","Shoot","SE","90"
"Solyc12g036170.2","Shoot","SE","105"
"Solyc12g036220.3","Shoot","SE","105"
"Solyc12g040640.2","Shoot","SE","105"
"Solyc12g040680.2","Shoot","SE","105"
"Solyc12g040810.2","Shoot","SE","40, 90"
"Solyc12g044600.3","Shoot","SE","70"
"Solyc12g049580.2","Shoot","SE","70, 80, 90, 105"
"Solyc12g056300.3","Shoot","SE","105"
"Solyc12g056350.2","Shoot","SE","105, 90"
"Solyc12g088250.2","Shoot","SE","70, 80, 90, 105"
"Solyc12g088750.2","Shoot","SE","25, 80, 90, 105"
"Solyc12g089180.2","Shoot","SE","105"
"Solyc12g095760.2","Shoot","SE","105"
"Solyc12g096320.2","Shoot","SE","105"
"Solyc12g097030.2","Shoot","SE","105"
"Solyc12g098660.3","Shoot","SE","105"
"Solyc12g099270.2","Shoot","SE","105"
"Solyc12g099940.2","Shoot","SE","105"
"lnc_RNA:Solyc04r022210.1","Root","A3SS","60"
"Solyc01g005090.3","Root","A3SS","60, 90, 105"
"Solyc01g006000.3","Root","A3SS","105"
"Solyc01g028810.3","Root","A3SS","20"
"Solyc01g065700.3","Root","A3SS","80, 90"
"Solyc01g094580.3","Root","A3SS","15"
"Solyc01g094620.3","Root","A3SS","40"
"Solyc01g096740.4","Root","A3SS","90, 105"
"Solyc01g102490.3","Root","A3SS","25"
"Solyc01g111300.4","Root","A3SS","90, 105"
"Solyc02g020910.4","Root","A3SS","15, 105"
"Solyc02g063450.4","Root","A3SS","105"
"Solyc02g079100.3","Root","A3SS","105"
"Solyc02g081270.4","Root","A3SS","60"
"Solyc02g083670.4","Root","A3SS","30"
"Solyc02g089930.4","Root","A3SS","70, 80, 90"
"Solyc02g093480.4","Root","A3SS","25"
"Solyc03g034100.4","Root","A3SS","105"
"Solyc03g093640.4","Root","A3SS","50"
"Solyc03g115580.4","Root","A3SS","15"
"Solyc03g116760.3","Root","A3SS","105"
"Solyc04g010110.3","Root","A3SS","50"
"Solyc04g015220.4","Root","A3SS","105"
"Solyc04g072450.3","Root","A3SS","40, 50"
"Solyc04g078860.4","Root","A3SS","40, 50"
"Solyc04g079750.4","Root","A3SS","5, 5"
"Solyc04g080280.3","Root","A3SS","20, 90, 105"
"Solyc04g082420.3","Root","A3SS","30"
"Solyc05g013490.4","Root","A3SS","40"
"Solyc05g051230.4","Root","A3SS","90"
"Solyc05g052510.4","Root","A3SS","50"
"Solyc05g052630.4","Root","A3SS","60"
"Solyc05g054710.3","Root","A3SS","105"
"Solyc06g065460.2","Root","A3SS","105"
"Solyc06g066550.3","Root","A3SS","15"
"Solyc06g069090.3","Root","A3SS","105"
"Solyc06g069190.4","Root","A3SS","70"
"Solyc06g084590.4","Root","A3SS","50, 60, 70, 105"
"Solyc07g008900.4","Root","A3SS","50, 60"
"Solyc07g045350.4","Root","A3SS","70"
"Solyc07g052420.3","Root","A3SS","90"
"Solyc08g065350.4","Root","A3SS","105"
"Solyc08g069040.3","Root","A3SS","90"
"Solyc08g075520.4","Root","A3SS","25"
"Solyc08g078460.3","Root","A3SS","30"
"Solyc08g082080.3","Root","A3SS","80, 90, 105"
"Solyc08g083250.4","Root","A3SS","105"
"Solyc09g007680.4","Root","A3SS","80"
"Solyc09g090360.3","Root","A3SS","80, 90, 105"
"Solyc10g006250.3","Root","A3SS","80"
"Solyc10g006500.4","Root","A3SS","105"
"Solyc10g081610.2","Root","A3SS","90"
"Solyc10g083520.2","Root","A3SS","70, 80, 90, 105"
"Solyc10g084120.2","Root","A3SS","105"
"Solyc10g086190.3","Root","A3SS","90, 105"
"Solyc11g073120.2","Root","A3SS","105"
"Solyc12g006850.2","Root","A3SS","90, 105"
"Solyc12g008760.3","Root","A3SS","70"
"Solyc12g040810.2","Root","A3SS","105"
"Solyc12g044230.2","Root","A3SS","40"
"Solyc12g098910.2","Root","A3SS","90"
"lnc_RNA:Solyc04r022190.1","Root","A5SS","5, 25, 30, 40"
"lnc_RNA:Solyc04r022200.1","Root","A5SS","5, 10, 15, 20, 25, 30, 40, 50, 60, 70, 80, 90, 105"
"lnc_RNA:Solyc04r022210.1","Root","A5SS","5, 10, 15, 20, 25, 30, 40, 50, 60, 70, 80, 90, 105"
"lnc_RNA:Solyc07r035820.1","Root","A5SS","40, 50, 80, 90"
"Solyc01g010290.4","Root","A5SS","15"
"Solyc01g058260.4","Root","A5SS","60, 70, 80, 90, 105"
"Solyc01g101090.3","Root","A5SS","15, 20, 25, 30"
"Solyc01g110480.4","Root","A5SS","105"
"Solyc02g005180.3","Root","A5SS","80"
"Solyc02g071860.4","Root","A5SS","80, 90, 105"
"Solyc02g079060.3","Root","A5SS","40"
"Solyc02g080780.3","Root","A5SS","10"
"Solyc03g007570.2","Root","A5SS","90, 105"
"Solyc03g093450.3","Root","A5SS","80"
"Solyc03g112050.4","Root","A5SS","40, 50, 60, 70, 80, 90, 105"
"Solyc03g117420.4","Root","A5SS","90"
"Solyc04g006970.4","Root","A5SS","70, 80, 90, 105"
"Solyc04g081260.3","Root","A5SS","105"
"Solyc05g052450.3","Root","A5SS","80"
"Solyc05g052630.4","Root","A5SS","80"
"Solyc05g054150.3","Root","A5SS","90"
"Solyc06g036720.4","Root","A5SS","15"
"Solyc06g053790.3","Root","A5SS","105"
"Solyc06g074630.4","Root","A5SS","90, 105"
"Solyc06g083800.4","Root","A5SS","105"
"Solyc07g005240.4","Root","A5SS","90"
"Solyc07g032740.4","Root","A5SS","105"
"Solyc07g053450.4","Root","A5SS","80"
"Solyc08g069231.1","Root","A5SS","105"
"Solyc08g078300.4","Root","A5SS","105"
"Solyc08g082940.2","Root","A5SS","25"
"Solyc09g007280.4","Root","A5SS","90"
"Solyc10g007410.4","Root","A5SS","105"
"Solyc10g074900.2","Root","A5SS","25"
"Solyc10g086690.3","Root","A5SS","25"
"Solyc11g005790.3","Root","A5SS","15"
"Solyc11g072290.3","Root","A5SS","20"
"Solyc12g008840.2","Root","A5SS","15"
"lnc_RNA:Solyc04r022200.1","Root","MXE","5, 10, 30, 60, 105"
"lnc_RNA:Solyc04r022210.1","Root","MXE","5, 10, 15, 20, 25, 30, 40, 50, 60, 70, 80, 90, 105"
"Solyc01g100970.3","Root","MXE","15"
"Solyc01g108500.4","Root","MXE","10"
"Solyc02g005180.3","Root","MXE","90"
"Solyc03g062665.1","Root","MXE","105"
"Solyc03g093390.4","Root","MXE","90, 105"
"Solyc05g052630.4","Root","MXE","70, 80, 90"
"Solyc07g054475.1","Root","MXE","90"
"Solyc08g048550.3","Root","MXE","5"
"Solyc08g059760.3","Root","MXE","60"
"Solyc08g065350.4","Root","MXE","15"
"Solyc09g082800.3","Root","MXE","105"
"Solyc10g084120.2","Root","MXE","70"
"lnc_RNA:Solyc06r029790.1","Root","RI","105"
"Solyc01g005090.3","Root","RI","70, 105"
"Solyc01g006000.3","Root","RI","50, 60, 70, 80, 90, 105"
"Solyc01g049890.3","Root","RI","40"
"Solyc01g057770.3","Root","RI","5"
"Solyc01g058260.4","Root","RI","105"
"Solyc01g080580.4","Root","RI","30"
"Solyc01g087590.3","Root","RI","105"
"Solyc01g088100.4","Root","RI","70, 80"
"Solyc01g095150.3","Root","RI","60, 70"
"Solyc01g096740.4","Root","RI","90, 105"
"Solyc01g101070.3","Root","RI","40"
"Solyc01g103020.4","Root","RI","60, 70, 105"
"Solyc01g103660.4","Root","RI","15, 105"
"Solyc01g105880.4","Root","RI","90"
"Solyc01g109330.3","Root","RI","90"
"Solyc01g109700.3","Root","RI","90"
"Solyc01g112000.4","Root","RI","90"
"Solyc01g150167.1","Root","RI","80"
"Solyc02g005180.3","Root","RI","80, 90, 105"
"Solyc02g021440.4","Root","RI","80"
"Solyc02g061840.3","Root","RI","50, 60, 70, 80"
"Solyc02g062520.3","Root","RI","60"
"Solyc02g067120.4","Root","RI","5, 10, 15, 20, 90, 105"
"Solyc02g068430.4","Root","RI","10, 15, 20, 25"
"Solyc02g069780.3","Root","RI","60"
"Solyc02g071890.3","Root","RI","105"
"Solyc02g076760.3","Root","RI","90"
"Solyc02g078790.4","Root","RI","90, 105"
"Solyc02g078900.3","Root","RI","15"
"Solyc02g080570.3","Root","RI","105"
"Solyc02g082660.3","Root","RI","70"
"Solyc02g083180.4","Root","RI","105"
"Solyc02g085570.4","Root","RI","80"
"Solyc02g088230.3","Root","RI","90, 105"
"Solyc02g090470.4","Root","RI","50, 60"
"Solyc02g092410.3","Root","RI","25, 30"
"Solyc02g093320.4","Root","RI","80, 90"
"Solyc02g093670.3","Root","RI","80, 90"
"Solyc03g007270.3","Root","RI","50, 90, 105"
"Solyc03g025970.3","Root","RI","60"
"Solyc03g059260.4","Root","RI","5, 10"
"Solyc03g082820.3","Root","RI","60, 70, 80"
"Solyc03g093510.2","Root","RI","105"
"Solyc03g097180.3","Root","RI","50"
"Solyc03g098320.4","Root","RI","60, 70, 80"
"Solyc03g112050.4","Root","RI","50, 60, 70, 80, 90, 105"
"Solyc03g115680.4","Root","RI","90"
"Solyc03g115970.2","Root","RI","105"
"Solyc03g116500.4","Root","RI","90"
"Solyc03g116890.3","Root","RI","105"
"Solyc03g117680.4","Root","RI","105"
"Solyc03g119250.4","Root","RI","70, 80, 90, 105"
"Solyc03g120000.3","Root","RI","40"
"Solyc03g120470.4","Root","RI","80, 90, 105"
"Solyc03g121510.4","Root","RI","90, 105"
"Solyc04g005860.3","Root","RI","40, 50, 60, 70, 80, 90, 105"
"Solyc04g015100.3","Root","RI","50"
"Solyc04g015470.3","Root","RI","90"
"Solyc04g025990.3","Root","RI","90, 105"
"Solyc04g026030.3","Root","RI","105"
"Solyc04g049630.3","Root","RI","105"
"Solyc04g049690.3","Root","RI","105"
"Solyc04g057990.4","Root","RI","105"
"Solyc04g077120.4","Root","RI","80, 90"
"Solyc04g079940.3","Root","RI","105"
"Solyc04g079970.3","Root","RI","30"
"Solyc04g080840.3","Root","RI","80, 90, 105"
"Solyc04g082290.4","Root","RI","30"
"Solyc04g082420.3","Root","RI","30"
"Solyc05g006170.4","Root","RI","105"
"Solyc05g007020.4","Root","RI","80, 90, 105"
"Solyc05g008580.3","Root","RI","105"
"Solyc05g009220.3","Root","RI","5"
"Solyc05g012110.4","Root","RI","60, 70, 80"
"Solyc05g012610.3","Root","RI","20"
"Solyc05g017860.3","Root","RI","105"
"Solyc05g025820.4","Root","RI","105"
"Solyc05g052910.4","Root","RI","105"
"Solyc06g011530.3","Root","RI","80, 90, 105"
"Solyc06g051210.3","Root","RI","60, 70"
"Solyc06g051380.3","Root","RI","90"
"Solyc06g053630.3","Root","RI","20"
"Solyc06g053790.3","Root","RI","105"
"Solyc06g060420.3","Root","RI","105"
"Solyc06g062920.3","Root","RI","60, 70, 80, 90, 105"
"Solyc06g066470.4","Root","RI","60"
"Solyc06g069090.3","Root","RI","105"
"Solyc06g073590.3","Root","RI","105"
"Solyc06g074630.4","Root","RI","80, 90, 105"
"Solyc06g074670.4","Root","RI","5, 10, 90, 105"
"Solyc06g083530.3","Root","RI","80"
"Solyc07g006320.4","Root","RI","50"
"Solyc07g008240.3","Root","RI","40, 50"
"Solyc07g021700.3","Root","RI","80"
"Solyc07g022900.4","Root","RI","80, 90, 105"
"Solyc07g032230.3","Root","RI","80, 90, 105"
"Solyc07g032740.4","Root","RI","105"
"Solyc07g039510.4","Root","RI","70, 80, 90, 105"
"Solyc07g044830.3","Root","RI","105"
"Solyc07g062080.4","Root","RI","90"
"Solyc07g066660.4","Root","RI","105"
"Solyc08g006487.1","Root","RI","80, 90"
"Solyc08g062560.4","Root","RI","90, 105"
"Solyc08g068590.4","Root","RI","105"
"Solyc08g075520.4","Root","RI","60"
"Solyc08g076410.4","Root","RI","90, 105"
"Solyc08g079530.3","Root","RI","105"
"Solyc08g082880.4","Root","RI","80"
"Solyc08g083040.4","Root","RI","105"
"Solyc08g083260.3","Root","RI","50, 60, 70, 80, 90, 105"
"Solyc09g010460.3","Root","RI","90"
"Solyc09g011160.4","Root","RI","105"
"Solyc09g065540.3","Root","RI","60"
"Solyc09g065660.4","Root","RI","60, 70, 80"
"Solyc09g065950.3","Root","RI","50, 60"
"Solyc09g066470.4","Root","RI","90, 105"
"Solyc09g074400.3","Root","RI","105"
"Solyc09g082770.3","Root","RI","15"
"Solyc09g091440.3","Root","RI","105"
"Solyc10g005640.4","Root","RI","30, 40"
"Solyc10g006090.4","Root","RI","80"
"Solyc10g007500.4","Root","RI","60, 105"
"Solyc10g012430.3","Root","RI","60"
"Solyc10g044740.2","Root","RI","90"
"Solyc10g050060.2","Root","RI","5, 90, 105"
"Solyc10g077110.1","Root","RI","80, 90, 105"
"Solyc10g080130.3","Root","RI","105"
"Solyc10g080150.2","Root","RI","80, 90, 105"
"Solyc10g080390.2","Root","RI","105"
"Solyc10g080460.2","Root","RI","105"
"Solyc10g080720.2","Root","RI","90"
"Solyc10g084370.3","Root","RI","90"
"Solyc10g086190.3","Root","RI","90, 105"
"Solyc10g086690.3","Root","RI","5, 10, 15, 20, 25, 105"
"Solyc11g005170.2","Root","RI","50, 60, 90"
"Solyc11g062070.3","Root","RI","80"
"Solyc11g065030.3","Root","RI","50"
"Solyc11g069840.3","Root","RI","105"
"Solyc11g072340.2","Root","RI","60, 90, 105"
"Solyc11g072590.3","Root","RI","90"
"Solyc11g072600.3","Root","RI","25, 30, 40"
"Solyc11g073120.2","Root","RI","50, 60, 70, 80, 90, 105"
"Solyc12g005290.2","Root","RI","105"
"Solyc12g005650.2","Root","RI","90, 105"
"Solyc12g006840.2","Root","RI","60, 70"
"Solyc12g007100.2","Root","RI","70, 80"
"Solyc12g007210.2","Root","RI","105"
"Solyc12g008450.2","Root","RI","90"
"Solyc12g008750.3","Root","RI","70, 80, 90, 105"
"Solyc12g010870.3","Root","RI","90"
"Solyc12g010930.2","Root","RI","70"
"Solyc12g019740.2","Root","RI","105"
"Solyc12g036470.2","Root","RI","60"
"Solyc12g044220.3","Root","RI","90"
"Solyc12g044920.3","Root","RI","80"
"Solyc12g062870.2","Root","RI","70"
"Solyc12g088940.3","Root","RI","60"
"Solyc12g099970.2","Root","RI","30, 40, 50, 60, 70, 80, 90"
"lnc_RNA:Solyc04r022210.1","Root","SE","80, 90"
"lnc_RNA:Solyc06r029790.1","Root","SE","105"
"Solyc01g005090.3","Root","SE","105, 90, 105"
"Solyc01g006000.3","Root","SE","105"
"Solyc01g020240.4","Root","SE","105"
"Solyc01g058260.4","Root","SE","105"
"Solyc01g068270.3","Root","SE","90, 105"
"Solyc01g087590.3","Root","SE","105"
"Solyc01g095460.3","Root","SE","70, 105"
"Solyc01g096740.4","Root","SE","105"
"Solyc01g098500.3","Root","SE","70"
"Solyc01g103020.4","Root","SE","105"
"Solyc01g103660.4","Root","SE","105, 105"
"Solyc01g112140.4","Root","SE","15, 15, 15"
"Solyc02g005180.3","Root","SE","105, 90, 105"
"Solyc02g067120.4","Root","SE","105"
"Solyc02g071890.3","Root","SE","105"
"Solyc02g078790.4","Root","SE","105"
"Solyc02g079100.3","Root","SE","105"
"Solyc02g080570.3","Root","SE","105"
"Solyc02g082440.2","Root","SE","105"
"Solyc02g083180.4","Root","SE","105"
"Solyc02g088230.3","Root","SE","105"
"Solyc03g005120.3","Root","SE","105"
"Solyc03g007270.3","Root","SE","105"
"Solyc03g078020.4","Root","SE","15, 15, 15"
"Solyc03g082660.3","Root","SE","105"
"Solyc03g093390.4","Root","SE","15, 15, 15, 70, 80, 105"
"Solyc03g093510.2","Root","SE","105"
"Solyc03g097460.3","Root","SE","30, 30, 30"
"Solyc03g112050.4","Root","SE","105, 70, 80, 90, 105"
"Solyc03g113770.3","Root","SE","15, 15, 15"
"Solyc03g115950.3","Root","SE","90, 105"
"Solyc03g115970.2","Root","SE","105"
"Solyc03g116890.3","Root","SE","105"
"Solyc03g117680.4","Root","SE","105"
"Solyc03g119250.4","Root","SE","105"
"Solyc03g120470.4","Root","SE","105"
"Solyc03g121510.4","Root","SE","105"
"Solyc04g005860.3","Root","SE","105"
"Solyc04g025990.3","Root","SE","105"
"Solyc04g026030.3","Root","SE","105"
"Solyc04g049630.3","Root","SE","105"
"Solyc04g049690.3","Root","SE","105"
"Solyc04g057990.4","Root","SE","105"
"Solyc04g077030.3","Root","SE","105"
"Solyc04g079940.3","Root","SE","105"
"Solyc04g080820.2","Root","SE","90, 105"
"Solyc04g080840.3","Root","SE","105"
"Solyc04g082420.3","Root","SE","80, 90, 105"
"Solyc05g005490.4","Root","SE","90, 105"
"Solyc05g006170.4","Root","SE","105"
"Solyc05g007020.4","Root","SE","105"
"Solyc05g008580.3","Root","SE","105"
"Solyc05g017860.3","Root","SE","105"
"Solyc05g025820.4","Root","SE","105"
"Solyc05g052910.4","Root","SE","105"
"Solyc05g054390.4","Root","SE","105"
"Solyc05g054710.3","Root","SE","105"
"Solyc06g011530.3","Root","SE","105"
"Solyc06g053790.3","Root","SE","105"
"Solyc06g060420.3","Root","SE","105"
"Solyc06g062920.3","Root","SE","105"
"Solyc06g067950.3","Root","SE","90"
"Solyc06g069090.3","Root","SE","105"
"Solyc06g073590.3","Root","SE","105, 90, 105"
"Solyc06g074630.4","Root","SE","105"
"Solyc06g074670.4","Root","SE","105"
"Solyc06g084590.4","Root","SE","60, 70, 105"
"Solyc07g005690.3","Root","SE","90, 105"
"Solyc07g006120.3","Root","SE","30, 30, 30, 80, 90"
"Solyc07g022900.4","Root","SE","105"
"Solyc07g032230.3","Root","SE","105"
"Solyc07g032740.4","Root","SE","105"
"Solyc07g039510.4","Root","SE","105"
"Solyc07g041830.4","Root","SE","80"
"Solyc07g044830.3","Root","SE","105"
"Solyc07g044850.3","Root","SE","10"
"Solyc07g045350.4","Root","SE","10"
"Solyc07g053250.3","Root","SE","60"
"Solyc07g054440.3","Root","SE","105"
"Solyc07g055020.3","Root","SE","90"
"Solyc07g065370.4","Root","SE","80, 90, 105"
"Solyc07g066660.4","Root","SE","105"
"Solyc08g062560.4","Root","SE","105"
"Solyc08g062960.4","Root","SE","105"
"Solyc08g068590.4","Root","SE","105"
"Solyc08g069231.1","Root","SE","105"
"Solyc08g075520.4","Root","SE","105"
"Solyc08g076410.4","Root","SE","105"
"Solyc08g079530.3","Root","SE","105"
"Solyc08g083040.4","Root","SE","105"
"Solyc08g083260.3","Root","SE","105"
"Solyc09g011160.4","Root","SE","105"
"Solyc09g011170.3","Root","SE","105"
"Solyc09g065660.4","Root","SE","70, 80"
"Solyc09g066470.4","Root","SE","105"
"Solyc09g074400.3","Root","SE","105"
"Solyc09g091440.3","Root","SE","105"
"Solyc09g092450.3","Root","SE","105"
"Solyc09g092680.4","Root","SE","90"
"Solyc09g098560.2","Root","SE","70"
"Solyc10g007500.4","Root","SE","105"
"Solyc10g050060.2","Root","SE","105"
"Solyc10g077110.1","Root","SE","105"
"Solyc10g080130.3","Root","SE","105"
"Solyc10g080150.2","Root","SE","105"
"Solyc10g080390.2","Root","SE","105"
"Solyc10g080460.2","Root","SE","105"
"Solyc10g083710.2","Root","SE","105"
"Solyc10g086190.3","Root","SE","105"
"Solyc10g086690.3","Root","SE","105"
"Solyc11g011533.1","Root","SE","80, 90"
"Solyc11g069840.3","Root","SE","105"
"Solyc11g070100.2","Root","SE","105"
"Solyc11g072340.2","Root","SE","105"
"Solyc11g073120.2","Root","SE","105"
"Solyc12g005290.2","Root","SE","105"
"Solyc12g005650.2","Root","SE","105"
"Solyc12g006850.2","Root","SE","90, 105"
"Solyc12g007210.2","Root","SE","105"
"Solyc12g008750.3","Root","SE","105"
"Solyc12g019740.2","Root","SE","105"
"Solyc12g040810.2","Root","SE","105"
"Solyc12g098620.2","Root","SE","90, 105"
